{
  "objects": [
    {
      "id": "geo-r01-c07",
      "shape": "four-order equation",
      "a": {
        "0, 0, 0, 0": 22266.799958881555,
        "0, 0, 0, 2": 35.985006247397,
        "0, 0, 2, 0": 899.625156184922,
        "0, 0, 2, 2": 149.937526030821,
        "0, 2, 0, 0": 8672.386505622653,
        "0, 2, 0, 2": 149.937526030821,
        "0, 2, 2, 0": 3748.438150770513,
        "0, 2, 2, 2": 624.739691795085,
        "1, 0, 0, 0": -6103.515625,
        "1, 1, 0, 0": 9155.2734375,
        "1, 1, 1, 0": -6103.515625,
        "1, 1, 1, 1": 1525.87890625,
        "2, 0, 0, 0": 39763.431903373596,
        "2, 0, 0, 2": 149.937526030821,
        "2, 0, 2, 0": 3748.438150770513,
        "2, 0, 2, 2": 624.739691795085,
        "2, 2, 0, 0": 36134.94377342773,
        "2, 2, 0, 2": 624.739691795085,
        "2, 2, 2, 0": 15618.492294877127,
        "2, 2, 2, 2": 2603.082049146188,
        "3, 0, 0, 0": -2.631578947368
      },
      "bounds": {
        "pmin": [
          0.84,
          -1.82,
          1.87
        ],
        "pmax": [
          1.16,
          -1.54,
          2.25
        ]
      },
      "material_id": "ceramic-white"
    },
    {
      "id": "geo-r01-c06",
      "shape": "four-order equation",
      "a": {
        "0, 0, 0, 0": -351.234934979549,
        "0, 0, 0, 2": -4.904155841046,
        "0, 0, 2, 0": -122.603896026149,
        "0, 0, 2, 2": -30.650974006537,
        "0, 2, 0, 0": -1181.901557692077,
        "0, 2, 0, 2": -30.650974006537,
        "0, 2, 2, 0": -766.274350163432,
        "0, 2, 2, 2": -191.568587540858,
        "1, 0, 0, 0": -6103.515625,
        "1, 1, 0, 0": 9155.2734375,
        "1, 1, 1, 0": -6103.515625,
        "1, 1, 1, 1": 1525.87890625,
        "2, 0, 0, 0": -5419.09220435579,
        "2, 0, 0, 2": -30.650974006537,
        "2, 0, 2, 0": -766.274350163432,
        "2, 0, 2, 2": -191.568587540858,
        "2, 2, 0, 0": -7386.884735575481,
        "2, 2, 0, 2": -191.568587540858,
        "2, 2, 2, 0": -4789.214688521448,
        "2, 2, 2, 2": -1197.303672130362,
        "3, 0, 0, 0": -3.333333333333
      },
      "bounds": {
        "pmin": [
          0.83,
          -1.29,
          1.89
        ],
        "pmax": [
          1.17,
          -0.95,
          2.23
        ]
      },
      "material_id": "plastic-blue"
    },
    {
      "id": "geo-r01-c05",
      "shape": "four-order equation",
      "a": {
        "0, 0, 0, 0": 3844.611008017926,
        "0, 0, 0, 2": 1.792654318826,
        "0, 0, 2, 0": 44.816357970659,
        "0, 0, 2, 2": 22.40817898533,
        "0, 2, 0, 0": 432.029690837156,
        "0, 2, 0, 2": 22.40817898533,
        "0, 2, 2, 0": 560.204474633241,
        "0, 2, 2, 2": 280.102237316621,
        "1, 0, 0, 0": -14005.111865831022,
        "1, 1, 0, 0": 21007.667798746537,
        "1, 1, 1, 0": -14005.111865831026,
        "1, 1, 1, 1": 3501.277966457757,
        "2, 0, 0, 0": 1980.88302230314,
        "2, 0, 0, 2": 22.40817898533,
        "2, 0, 2, 0": 560.204474633241,
        "2, 0, 2, 2": 280.102237316621,
        "2, 2, 0, 0": 5400.371135464444,
        "2, 2, 0, 2": 280.102237316621,
        "2, 2, 2, 0": 7002.555932915513,
        "2, 2, 2, 2": 3501.277966457757
      },
      "bounds": {
        "pmin": [
          0.83,
          -0.73,
          1.863333333333
        ],
        "pmax": [
          1.17,
          -0.39,
          2.203333333333
        ]
      },
      "material_id": "marble-cool"
    },
    {
      "id": "geo-r01-c04",
      "shape": "cuboid",
      "center": [
        1,
        0,
        2.06
      ],
      "size": [
        0.18,
        0.42,
        0.22
      ],
      "material_id": "plastic-red"
    },
    {
      "id": "geo-r01-c03",
      "shape": "four-order equation",
      "a": {
        "0, 0, 0, 0": 1635.041536007787,
        "0, 0, 0, 2": -1.332778009163,
        "0, 0, 2, 0": -33.319450229071,
        "0, 0, 2, 2": 16.659725114536,
        "0, 2, 0, 0": -321.199500208247,
        "0, 2, 0, 2": 16.659725114536,
        "0, 2, 2, 0": 416.49312786339,
        "0, 2, 2, 2": -208.246563931695,
        "0, 3, 0, 0": 8.304498269896,
        "1, 0, 0, 0": -6103.515625,
        "1, 1, 0, 0": 9155.2734375,
        "1, 1, 1, 0": -6103.515625,
        "1, 1, 1, 1": 1525.87890625,
        "2, 0, 0, 0": -1472.719700124947,
        "2, 0, 0, 2": 16.659725114536,
        "2, 0, 2, 0": 416.49312786339,
        "2, 0, 2, 2": -208.246563931695,
        "2, 2, 0, 0": 4014.993752603081,
        "2, 2, 0, 2": -208.246563931695,
        "2, 2, 2, 0": -5206.164098292377,
        "2, 2, 2, 2": 2603.082049146188,
        "3, 0, 0, 0": 134.256055363322,
        "3, 3, 0, 0": -34.602076124567
      },
      "bounds": {
        "pmin": [
          0.83,
          0.39,
          1.89
        ],
        "pmax": [
          1.17,
          0.73,
          2.23
        ]
      },
      "material_id": "frosted-glass"
    },
    {
      "id": "geo-r01-c02",
      "shape": "cylinder",
      "center": [
        1,
        1.12,
        2.06
      ],
      "axis": [
        0.7,
        -0.25,
        1
      ],
      "r": 0.1,
      "height": 0.48,
      "material_id": "rough-gold"
    },
    {
      "id": "geo-r01-c01",
      "shape": "circle",
      "center": [
        1,
        1.68,
        2.06
      ],
      "normal": [
        -1,
        0,
        0.2
      ],
      "r": 0.22,
      "material_id": "emissive-cyan"
    }
  ]
}
