{
  "objects": [
    {
      "id": "geo-r06-c07",
      "shape": "four-order equation",
      "a": {
        "0, 0, 0, 0": 0.08,
        "1, 1, 0, 0": -0.28,
        "1, 1, 1, 1": 1,
        "1, 1, 2, 2": -1.15,
        "1, 1, 3, 3": -1.15,
        "2, 2, 0, 0": -0.28,
        "2, 2, 2, 2": 1,
        "2, 2, 3, 3": -1.15,
        "3, 3, 0, 0": -0.28,
        "3, 3, 3, 3": 1
      },
      "center": [
        0.6,
        -1.68,
        0.58
      ],
      "scale": [
        0.18,
        0.18,
        0.18
      ],
      "bounds": {
        "pmin": [
          0.357,
          -1.923,
          0.337
        ],
        "pmax": [
          0.843,
          -1.437,
          0.823
        ]
      },
      "material_id": "rough-gold"
    },
    {
      "id": "geo-r06-c06",
      "shape": "four-order equation",
      "a": {
        "1, 1, 2, 2": 1,
        "1, 1, 3, 3": 1,
        "1, 2, 3, 0": -0.75,
        "2, 2, 3, 3": 1
      },
      "center": [
        0.6,
        -1.12,
        0.58
      ],
      "scale": [
        0.18,
        0.18,
        0.18
      ],
      "bounds": {
        "pmin": [
          0.357,
          -1.363,
          0.337
        ],
        "pmax": [
          0.843,
          -0.877,
          0.823
        ]
      },
      "material_id": "blue-glass"
    },
    {
      "id": "geo-r06-c05",
      "shape": "four-order equation",
      "a": {
        "0, 0, 0, 0": 16,
        "0, 0, 1, 1": 1.3333333333333333,
        "0, 0, 2, 2": 2.6666666666666665,
        "0, 0, 3, 3": 21.333333333333332,
        "0, 1, 0, 1": 1.3333333333333333,
        "0, 1, 1, 0": 1.3333333333333333,
        "0, 2, 0, 2": 2.6666666666666665,
        "0, 2, 2, 0": 2.6666666666666665,
        "0, 3, 0, 3": 21.333333333333332,
        "0, 3, 3, 0": 21.333333333333332,
        "1, 0, 0, 1": 1.3333333333333333,
        "1, 0, 1, 0": 1.3333333333333333,
        "1, 1, 0, 0": 1.3333333333333333,
        "1, 1, 1, 1": 1,
        "1, 1, 2, 2": 0.6666666666666666,
        "1, 1, 3, 3": -61.333333333333336,
        "1, 2, 1, 2": 0.6666666666666666,
        "1, 2, 2, 1": 0.6666666666666666,
        "1, 3, 1, 3": -61.333333333333336,
        "1, 3, 3, 1": -61.333333333333336,
        "2, 0, 0, 2": 2.6666666666666665,
        "2, 0, 2, 0": 2.6666666666666665,
        "2, 1, 1, 2": 0.6666666666666666,
        "2, 1, 2, 1": 0.6666666666666666,
        "2, 2, 0, 0": 2.6666666666666665,
        "2, 2, 1, 1": 0.6666666666666666,
        "2, 2, 2, 2": 4,
        "2, 2, 3, 3": -122.66666666666667,
        "2, 3, 2, 3": -122.66666666666667,
        "2, 3, 3, 2": -122.66666666666667,
        "3, 0, 0, 3": 21.333333333333332,
        "3, 0, 3, 0": 21.333333333333332,
        "3, 1, 1, 3": -61.333333333333336,
        "3, 1, 3, 1": -61.333333333333336,
        "3, 2, 2, 3": -122.66666666666667,
        "3, 2, 3, 2": -122.66666666666667,
        "3, 3, 0, 0": 21.333333333333332,
        "3, 3, 1, 1": -61.333333333333336,
        "3, 3, 2, 2": -122.66666666666667,
        "3, 3, 3, 3": 256
      },
      "center": [
        0.6,
        -0.56,
        0.58
      ],
      "scale": [
        0.18,
        0.18,
        0.18
      ],
      "bounds": {
        "pmin": [
          0.357,
          -0.803,
          0.337
        ],
        "pmax": [
          0.843,
          -0.317,
          0.823
        ]
      },
      "material_id": "brushed-aluminum"
    },
    {
      "id": "geo-r06-c04",
      "shape": "four-order equation",
      "a": {
        "0, 0, 0, 0": 0.1521,
        "1, 1, 0, 0": -1.22,
        "1, 1, 1, 1": 1,
        "1, 1, 2, 2": 2,
        "1, 1, 3, 3": 2,
        "2, 2, 0, 0": -1.22,
        "2, 2, 2, 2": 1,
        "2, 2, 3, 3": 2,
        "3, 3, 0, 0": 0.78,
        "3, 3, 3, 3": 1
      },
      "center": [
        0.6,
        0,
        0.58
      ],
      "scale": [
        0.18,
        0.18,
        0.18
      ],
      "bounds": {
        "pmin": [
          0.357,
          -0.243,
          0.337
        ],
        "pmax": [
          0.843,
          0.243,
          0.823
        ]
      },
      "material_id": "rough-gold"
    },
    {
      "id": "geo-r06-c03",
      "shape": "polynomial surface",
      "mode": "implicit",
      "input_dim": 3,
      "degree": 3,
      "center": [
        0.6,
        0.56,
        0.58
      ],
      "scale": 0.22,
      "coefficients": {
        "format": "coo",
        "shape": [
          4,
          4,
          4
        ],
        "degree_policy": "total",
        "terms": [
          {
            "index": [
              3,
              0,
              0
            ],
            "value": 81
          },
          {
            "index": [
              0,
              3,
              0
            ],
            "value": 81
          },
          {
            "index": [
              0,
              0,
              3
            ],
            "value": 81
          },
          {
            "index": [
              2,
              1,
              0
            ],
            "value": -189
          },
          {
            "index": [
              2,
              0,
              1
            ],
            "value": -189
          },
          {
            "index": [
              1,
              2,
              0
            ],
            "value": -189
          },
          {
            "index": [
              0,
              2,
              1
            ],
            "value": -189
          },
          {
            "index": [
              1,
              0,
              2
            ],
            "value": -189
          },
          {
            "index": [
              0,
              1,
              2
            ],
            "value": -189
          },
          {
            "index": [
              1,
              1,
              1
            ],
            "value": 54
          },
          {
            "index": [
              2,
              0,
              0
            ],
            "value": -9
          },
          {
            "index": [
              0,
              2,
              0
            ],
            "value": -9
          },
          {
            "index": [
              0,
              0,
              2
            ],
            "value": -9
          },
          {
            "index": [
              1,
              1,
              0
            ],
            "value": 126
          },
          {
            "index": [
              1,
              0,
              1
            ],
            "value": 126
          },
          {
            "index": [
              0,
              1,
              1
            ],
            "value": 126
          },
          {
            "index": [
              1,
              0,
              0
            ],
            "value": -9
          },
          {
            "index": [
              0,
              1,
              0
            ],
            "value": -9
          },
          {
            "index": [
              0,
              0,
              1
            ],
            "value": -9
          },
          {
            "index": [
              0,
              0,
              0
            ],
            "value": 1
          }
        ]
      },
      "bounds": {
        "pmin": [
          0.357,
          0.317,
          0.337
        ],
        "pmax": [
          0.843,
          0.803,
          0.823
        ]
      },
      "material_id": "pale-pink-sheen"
    },
    {
      "id": "geo-r06-c02",
      "shape": "polynomial surface",
      "mode": "implicit",
      "input_dim": 3,
      "degree": 3,
      "center": [
        0.6,
        1.12,
        0.553
      ],
      "scale": 0.27,
      "coefficients": {
        "format": "coo",
        "shape": [
          4,
          4,
          4
        ],
        "degree_policy": "total",
        "terms": [
          {
            "index": [
              2,
              0,
              0
            ],