{
  "objects": [
    {
      "id": "geo-r03-c07",
      "shape": "four-order equation",
      "a": {
        "0, 0, 0, 0": 16,
        "0, 0, 1, 1": 1.3333333333333333,
        "0, 0, 2, 2": 2.6666666666666665,
        "0, 0, 3, 3": 21.333333333333332,
        "0, 1, 0, 1": 1.3333333333333333,
        "0, 1, 1, 0": 1.3333333333333333,
        "0, 2, 0, 2": 2.6666666666666665,
        "0, 2, 2, 0": 2.6666666666666665,
        "0, 3, 0, 3": 21.333333333333332,
        "0, 3, 3, 0": 21.333333333333332,
        "1, 0, 0, 1": 1.3333333333333333,
        "1, 0, 1, 0": 1.3333333333333333,
        "1, 1, 0, 0": 1.3333333333333333,
        "1, 1, 1, 1": 1,
        "1, 1, 2, 2": 0.6666666666666666,
        "1, 1, 3, 3": -61.333333333333336,
        "1, 2, 1, 2": 0.6666666666666666,
        "1, 2, 2, 1": 0.6666666666666666,
        "1, 3, 1, 3": -61.333333333333336,
        "1, 3, 3, 1": -61.333333333333336,
        "2, 0, 0, 2": 2.6666666666666665,
        "2, 0, 2, 0": 2.6666666666666665,
        "2, 1, 1, 2": 0.6666666666666666,
        "2, 1, 2, 1": 0.6666666666666666,
        "2, 2, 0, 0": 2.6666666666666665,
        "2, 2, 1, 1": 0.6666666666666666,
        "2, 2, 2, 2": 4,
        "2, 2, 3, 3": -122.66666666666667,
        "2, 3, 2, 3": -122.66666666666667,
        "2, 3, 3, 2": -122.66666666666667,
        "3, 0, 0, 3": 21.333333333333332,
        "3, 0, 3, 0": 21.333333333333332,
        "3, 1, 1, 3": -61.333333333333336,
        "3, 1, 3, 1": -61.333333333333336,
        "3, 2, 2, 3": -122.66666666666667,
        "3, 2, 3, 2": -122.66666666666667,
        "3, 3, 0, 0": 21.333333333333332,
        "3, 3, 1, 1": -61.333333333333336,
        "3, 3, 2, 2": -122.66666666666667,
        "3, 3, 3, 3": 256
      },
      "center": [
        1.44,
        -1.68,
        2.18
      ],
      "scale": [
        0.18,
        0.18,
        0.18
      ],
      "bounds": {
        "pmin": [
          1.197,
          -1.923,
          1.937
        ],
        "pmax": [
          1.683,
          -1.437,
          2.423
        ]
      },
      "material_id": "pure-white-reflection"
    },
    {
      "id": "geo-r03-c06",
      "shape": "polynomial surface",
      "mode": "implicit",
      "input_dim": 3,
      "center": [
        1.44,
        -1.12,
        2.18
      ],
      "scale": 0.09,
      "coefficients": {
        "format": "coo",
        "shape": [
          6,
          6,
          6
        ],
        "terms": [
          {
            "index": [
              0,
              0,
              5
            ],
            "value": 3.3055433871775866
          },
          {
            "index": [
              0,
              2,
              3
            ],
            "value": -6.15700466398828
          },
          {
            "index": [
              0,
              4,
              1
            ],
            "value": 0.3717480344601847
          },
          {
            "index": [
              1,
              4,
              0
            ],
            "value": -1.2030019100150915
          },
          {
            "index": [
              2,
              0,
              3
            ],
            "value": -6.15700466398828
          },
          {
            "index": [
              2,
              2,
              1
            ],
            "value": 0.7434960689203702
          },
          {
            "index": [
              3,
              2,
              0
            ],
            "value": 2.4060038200301825
          },
          {
            "index": [
              4,
              0,
              1
            ],
            "value": 0.371748034460184
          },
          {
            "index": [
              5,
              0,
              0
            ],
            "value": -0.24060038200301812
          },
          {
            "index": [
              0,
              0,
              4
            ],
            "value": 0.6545084971874737
          },
          {
            "index": [
              0,
              2,
              2
            ],
            "value": 1.618033988749895
          },
          {
            "index": [
              0,
              4,
              0
            ],
            "value": 1
          },
          {
            "index": [
              2,
              0,
              2
            ],
            "value": 1.618033988749895
          },
          {
            "index": [
              2,
              2,
              0
            ],
            "value": 2
          },
          {
            "index": [
              4,
              0,
              0
            ],
            "value": 1
          },
          {
            "index": [
              0,
              0,
              3
            ],
            "value": 1.3449970239279145
          },
          {
            "index": [
              0,
              2,
              1
            ],
            "value": 1.6625077511098136
          },
          {
            "index": [
              2,
              0,
              1
            ],
            "value": 1.6625077511098136
          },
          {
            "index": [
              0,
              0,
              2
            ],
            "value": -1.618033988749895
          },
          {
            "index": [
              0,
              2,
              0
            ],
            "value": -2
          },
          {
            "index": [
              2,
              0,
              0
            ],
            "value": -2
          },
          {
            "index": [
              0,
              0,
              1
            ],
            "value": -0.8312538755549068
          },
          {
            "index": [
              0,
              0,
              0
            ],
            "value": 1
          }
        ]
      },
      "bounds": {
        "pmin": [
          1.2,
          -1.36,
          1.94
        ],
        "pmax": [
          1.68,
          -0.88,
          2.42
        ]
      },
      "material_id": "pale-blue-sheen"
    },
    {
      "id": "geo-r03-c05",
      "shape": "sphere",
      "center": [
        1.44,
        -0.56,
        2.18
      ],
      "r": 0.16,
      "material_id": "clear-glass"
    },
    {
      "id": "geo-r03-c04",
      "shape": "four-order equation",
      "a": {
        "1, 1, 0, 0": -1,
        "2, 2, 0, 0": -1,
        "3, 3, 3, 3": 1
      },
      "center": [
        1.44,
        0,
        2.18
      ],
      "scale": [
        0.18,
        0.18,
        0.2
      ],
      "bounds": {
        "pmin": [
          1.179,
          -0.261,
          1.89
        ],
        "pmax": [
          1.701,
          0.261,
          2.47
        ]
      },
      "material_id": "white-card"
    },
    {
      "id": "geo-r03-c03",
      "shape": "quadratic equation",
      "center": [
        1.44,
        0.56,
        2.18
      ],
      "scale": [
        0.16,
        0.16,
        0.18
      ],
      "a": [
        1,
        0,
        0,
        0,
        1,
        0,
        0,
        0,
        -0.36
      ],
      "b": [
        0,
        0,
        -0.72
      ],
      "c": -0.36,
      "bounds": {
        "pmin": [
          1.23,
          0.35,
          2
        ],
        "pmax": [
          1.65,
          0.77,
          2.36
        ]
      },
      "material_id": "pure-white-reflection"
    },
    {
      "id": "geo-r03-c02",
      "shape": "quadratic equation",
      "center": [
        1.44,
        1.12,
        2.18
      ],
      "a": [
        30.8641975308642,
        0,
        0,
        0,
        44.4444444444444,
        0,
        0,
        0,
        0
      ],
      "b": [
        0,
        0,
        -2.777777777778
      ],
      "c": -0.500000000001073,
      "bounds": {
        "pmin": [
          1.26,
          0.97,
          2
        ],