{
  "objects": [
    {
      "id": "geo-r06-c07",
      "shape": "four-order equation",
      "a": {
        "0, 0, 0, 0": 0.08,
        "1, 1, 0, 0": -0.28,
        "1, 1, 1, 1": 1,
        "1, 1, 2, 2": -1.15,
        "1, 1, 3, 3": -1.15,
        "2, 2, 0, 0": -0.28,
        "2, 2, 2, 2": 1,
        "2, 2, 3, 3": -1.15,
        "3, 3, 0, 0": -0.28,
        "3, 3, 3, 3": 1
      },
      "center": [
        -0.9,
        -1.68,
        0.38
      ],
      "scale": [
        0.18,
        0.18,
        0.18
      ],
      "bounds": {
        "pmin": [
          -1.143,
          -1.923,
          0.137
        ],
        "pmax": [
          -0.657,
          -1.437,
          0.623
        ]
      },
      "material_id": "rough-gold"
    },
    {
      "id": "geo-r06-c06",
      "shape": "four-order equation",
      "a": {
        "1, 1, 2, 2": 1,
        "1, 1, 3, 3": 1,
        "1, 2, 3, 0": -0.75,
        "2, 2, 3, 3": 1
      },
      "center": [
        -0.9,
        -1.12,
        0.38
      ],
      "scale": [
        0.18,
        0.18,
        0.18
      ],
      "bounds": {
        "pmin": [
          -1.143,
          -1.363,
          0.137
        ],
        "pmax": [
          -0.657,
          -0.877,
          0.623
        ]
      },
      "material_id": "blue-glass"
    },
    {
      "id": "geo-r06-c05",
      "shape": "four-order equation",
      "a": {
        "0, 0, 0, 0": 16,
        "0, 0, 1, 1": 1.3333333333333333,
        "0, 0, 2, 2": 2.6666666666666665,
        "0, 0, 3, 3": 21.333333333333332,
        "0, 1, 0, 1": 1.3333333333333333,
        "0, 1, 1, 0": 1.3333333333333333,
        "0, 2, 0, 2": 2.6666666666666665,
        "0, 2, 2, 0": 2.6666666666666665,
        "0, 3, 0, 3": 21.333333333333332,
        "0, 3, 3, 0": 21.333333333333332,
        "1, 0, 0, 1": 1.3333333333333333,
        "1, 0, 1, 0": 1.3333333333333333,
        "1, 1, 0, 0": 1.3333333333333333,
        "1, 1, 1, 1": 1,
        "1, 1, 2, 2": 0.6666666666666666,
        "1, 1, 3, 3": -61.333333333333336,
        "1, 2, 1, 2": 0.6666666666666666,
        "1, 2, 2, 1": 0.6666666666666666,
        "1, 3, 1, 3": -61.333333333333336,
        "1, 3, 3, 1": -61.333333333333336,
        "2, 0, 0, 2": 2.6666666666666665,
        "2, 0, 2, 0": 2.6666666666666665,
        "2, 1, 1, 2": 0.6666666666666666,
        "2, 1, 2, 1": 0.6666666666666666,
        "2, 2, 0, 0": 2.6666666666666665,
        "2, 2, 1, 1": 0.6666666666666666,
        "2, 2, 2, 2": 4,
        "2, 2, 3, 3": -122.66666666666667,
        "2, 3, 2, 3": -122.66666666666667,
        "2, 3, 3, 2": -122.66666666666667,
        "3, 0, 0, 3": 21.333333333333332,
        "3, 0, 3, 0": 21.333333333333332,
        "3, 1, 1, 3": -61.333333333333336,
        "3, 1, 3, 1": -61.333333333333336,
        "3, 2, 2, 3": -122.66666666666667,
        "3, 2, 3, 2": -122.66666666666667,
        "3, 3, 0, 0": 21.333333333333332,
        "3, 3, 1, 1": -61.333333333333336,
        "3, 3, 2, 2": -122.66666666666667,
        "3, 3, 3, 3": 256
      },
      "center": [
        -0.9,
        -0.56,
        0.38
      ],
      "scale": [
        0.18,
        0.18,
        0.18
      ],
      "bounds": {
        "pmin": [
          -1.143,
          -0.803,
          0.137
        ],
        "pmax": [
          -0.657,
          -0.317,
          0.623
        ]
      },
      "material_id": "brushed-aluminum"
    },
    {
      "id": "geo-r06-c04",
      "shape": "four-order equation",
      "a": {
        "0, 0, 0, 0": 0.1521,
        "1, 1, 0, 0": -1.22,
        "1, 1, 1, 1": 1,
        "1, 1, 2, 2": 2,
        "1, 1, 3, 3": 2,
        "2, 2, 0, 0": -1.22,
        "2, 2, 2, 2": 1,
        "2, 2, 3, 3": 2,
        "3, 3, 0, 0": 0.78,
        "3, 3, 3, 3": 1
      },
      "center": [
        -0.9,
        0,
        0.38
      ],
      "scale": [
        0.18,
        0.18,
        0.18
      ],
      "bounds": {
        "pmin": [
          -1.143,
          -0.243,
          0.137
        ],
        "pmax": [
          -0.657,
          0.243,
          0.623
        ]
      },
      "material_id": "rough-gold"
    },
    {
      "id": "geo-r06-c03",
      "shape": "four-order equation",
      "a": {
        "0, 0, 0, 0": -0.06,
        "1, 1, 0, 0": -1.15,
        "1, 1, 1, 1": 1,
        "1, 1, 2, 2": 2,
        "1, 1, 3, 3": 2,
        "2, 2, 0, 0": 0.85,
        "2, 2, 2, 2": 1,
        "2, 2, 3, 3": 2,
        "3, 3, 0, 0": 0.85,
        "3, 3, 3, 3": 1
      },
      "center": [
        -0.9,
        0.56,
        0.38
      ],
      "scale": [
        0.18,
        0.18,
        0.18
      ],
      "bounds": {
        "pmin": [
          -1.143,
          0.317,
          0.137
        ],
        "pmax": [
          -0.657,
          0.803,
          0.623
        ]
      },
      "material_id": "amber-glass"
    },
    {
      "id": "geo-r06-c02",
      "shape": "four-order equation",
      "a": {
        "1, 1, 0, 0": -0.8,
        "1, 1, 1, 1": 1,
        "1, 1, 2, 2": 2,
        "1, 1, 3, 3": 2,
        "2, 2, 0, 0": 0.8,
        "2, 2, 2, 2": 1,
        "2, 2, 3, 3": 2,
        "3, 3, 3, 3": 1
      },
      "center": [
        -0.9,
        1.12,
        0.38
      ],
      "scale": [
        0.18,
        0.18,
        0.18
      ],
      "bounds": {
        "pmin": [
          -1.143,
          0.877,
          0.137
        ],
        "pmax": [
          -0.657,
          1.363,
          0.623
        ]
      },
      "material_id": "pearl"
    },
    {
      "id": "geo-r06-c01",
      "shape": "polynomial surface",
      "mode": "implicit",
      "input_dim": 3,
      "degree": 6,
      "center": [
        -0.9,
        1.68,
        0.38
      ],
      "scale": 0.2,
      "coefficients": {
        "format": "coo",
        "shape": [
          7,
          7,
          7
        ],
        "degree_policy": "total",
        "terms": [
          {
            "index": [
              4,
              2,
              0
            ],
            "value": -27.41640786499874
          },
          {
            "index": [
              4,
              0,
              2
            ],
            "value": 10.47213595499958
          },
          {
            "index": [
              4,
              0,
              0
            ],
            "value": -4.23606797749979
          },
          {
            "index": [
              2,
              4,
              0
            ],
            "value": 10.47213595499958
          },
          {
            "index": [
              2,
              2,
              2
            ],
            "value": 67.77708763999664
          },
          {
            "index": [
              2,
              2,
              0
            ],
            "value": -8.47213595499958
          },
          {
            "index": [
              2,
              0,
              4
            ],
            "value": -27.41640786499874
          },
          {
            "index": [
              2,
              0,
              2
            ],
            "value": -8.47213595499958
          },
          {
            "index": [
              2,
              0,
              0
            ],
            "value": 8.47213595499958
          },
          {
            "index": [
              0,
              4,
              2
            ],
            "value": -27.41640786499874
          },
          {
            "index": [
              0,
              4,
              0
            ],
            "value": -4.23606797749979
          },
          {
            "index": [
              0,
              2,
              4
            ],
            "value": 10.47213595499958
          },
          {
            "index": [
              0,
              2,
              2
            ],
            "value": -8.47213595499958
          },
          {
            "index": [
              0,
              2,
              0
            ],