{
  "objects": [
    {
      "id": "geo-r06-c05",
      "shape": "four-order equation",
      "a": {
        "0, 0, 0, 0": 16,
        "1, 1, 1, 1": 1,
        "2, 2, 2, 2": 4,
        "0, 0, 1, 1": 1.3333333333333333,
        "0, 1, 0, 1": 1.3333333333333333,
        "0, 1, 1, 0": 1.3333333333333333,
        "1, 0, 0, 1": 1.3333333333333333,
        "1, 0, 1, 0": 1.3333333333333333,
        "1, 1, 0, 0": 1.3333333333333333,
        "0, 0, 2, 2": 2.6666666666666665,
        "0, 2, 0, 2": 2.6666666666666665,
        "0, 2, 2, 0": 2.6666666666666665,
        "2, 0, 0, 2": 2.6666666666666665,
        "2, 0, 2, 0": 2.6666666666666665,
        "2, 2, 0, 0": 2.6666666666666665,
        "1, 1, 2, 2": 0.6666666666666666,
        "1, 2, 1, 2": 0.6666666666666666,
        "1, 2, 2, 1": 0.6666666666666666,
        "2, 1, 1, 2": 0.6666666666666666,
        "2, 1, 2, 1": 0.6666666666666666,
        "2, 2, 1, 1": 0.6666666666666666,
        "0, 0, 3, 3": 21.333333333333332,
        "0, 3, 0, 3": 21.333333333333332,
        "0, 3, 3, 0": 21.333333333333332,
        "3, 0, 0, 3": 21.333333333333332,
        "3, 0, 3, 0": 21.333333333333332,
        "3, 3, 0, 0": 21.333333333333332,
        "1, 1, 3, 3": -61.333333333333336,
        "1, 3, 1, 3": -61.333333333333336,
        "1, 3, 3, 1": -61.333333333333336,
        "3, 1, 1, 3": -61.333333333333336,
        "3, 1, 3, 1": -61.333333333333336,
        "3, 3, 1, 1": -61.333333333333336,
        "2, 2, 3, 3": -122.66666666666667,
        "2, 3, 2, 3": -122.66666666666667,
        "2, 3, 3, 2": -122.66666666666667,
        "3, 2, 2, 3": -122.66666666666667,
        "3, 2, 3, 2": -122.66666666666667,
        "3, 3, 2, 2": -122.66666666666667,
        "3, 3, 3, 3": 256
      },
      "center": [
        0,0,1
      ],
      "scale": [
        0.18,
        0.18,
        0.18
      ],
      "bounds": {
        "position": [ 0,0,1 ],
        "size": [
          2, 2, 2
        ]
      },
      "material_id": "brushed-aluminum"
    }
  ]
}