{
  "objects": [
    {
      "id": "cmd-example-pink-gem-diagonal-ridged-torus",
      "shape": "implicit equation",
      "field": {
        "type": "expr",
        "expr": "pow(sqrt(((0.8660254037844386)*x - (0.5)*z)*((0.8660254037844386)*x - (0.5)*z) + (y)*(y)) - R, 2) + ((0.5)*x + (0.8660254037844386)*z)*((0.5)*x + (0.8660254037844386)*z) - pow(r + ridge*(0.5 + 0.5*sin(freq*(atan2((y), ((0.8660254037844386)*x - (0.5)*z)) + atan2(((0.5)*x + (0.8660254037844386)*z), (sqrt(((0.8660254037844386)*x - (0.5)*z)*((0.8660254037844386)*x - (0.5)*z) + (y)*(y)) - R))) + micro*sin(microf*atan2((y), ((0.8660254037844386)*x - (0.5)*z)) - 0.6*atan2(((0.5)*x + (0.8660254037844386)*z), (sqrt(((0.8660254037844386)*x - (0.5)*z)*((0.8660254037844386)*x - (0.5)*z) + (y)*(y)) - R))))), 2)",
        "constants": {
          "R": 0.72,
          "r": 0.21,
          "ridge": 0.095,
          "freq": 56,
          "micro": 0.35,
          "microf": 9
        }
      },
      "center": [
        0,
        0,
        1.75
      ],
      "scale": 0.75,
      "step": 0.0007,
      "value_tol": 0.000001,
      "bounds": {
        "center": [
          0,
          0,
          1.75
        ],
        "size": [
          1.82,
          1.82,
          1.25
        ]
      },
      "material_id": "pale-pink-gemstone"
    }
  ]
}
